TRANSACTION DATE/TIME,CONTRACT,PNL,OPEN / CLOSE,BUY / SELL,QUANTITY,ORDER TYPE,INSTRUMENT TYPE,CALL / PUT,STRIKE PRICE,LIMIT PRICE,TIME IN FORCE,FILL PRICE,STOP PRICE
09/16/2026 07:15:49 AM,CLV26,"",Open,BUY,1,MKT,false,"","",0.0,DAY,103.92,0.0
09/16/2026 07:05:45 AM,CLV26,-500.0,Close,SELL,1,LMT,false,"","",103.42,DAY,103.42,0.0
09/16/2026 07:18:20 AM,CLV26,"",Open,BUY,1,MKT,false,"","",0.0,DAY,103.94,0.0
09/16/2026 07:17:49 AM,CLV26,-120.0,Close,SELL,1,LMT,false,"","",103.82,DAY,103.82,0.0
09/16/2026 07:20:47 AM,CLV26,"",Open,BUY,1,MKT,false,"","",0.0,DAY,103.9,0.0
09/16/2026 07:18:58 AM,CLV26,-90.0,Close,SELL,1,LMT,false,"","",103.81,DAY,103.81,0.0
09/16/2026 07:25:26 AM,CLV26,"",Open,BUY,1,MKT,false,"","",0.0,DAY,103.59,0.0
09/16/2026 07:21:26 AM,CLV26,160.0,Close,SELL,1,LMT,false,"","",103.75,DAY,103.75,0.0
09/16/2026 07:08:55 AM,MNQZ26,"",Open,BUY,1,LMT,false,"","",29435.0,DAY,29435.0,0.0
09/16/2026 07:33:53 AM,MNQZ26,-47.0,Close,SELL,1,MKT,false,"","",0.0,DAY,29411.5,0.0
09/18/2026 08:30:21 AM,MNQZ26,"",Open,BUY,1,LMT,false,"","",29830.25,DAY,29820.75,0.0
09/18/2026 08:33:31 AM,MNQZ26,-21.5,Close,SELL,1,MKT,false,"","",0.0,DAY,29810.0,0.0
09/18/2026 08:38:21 AM,MNQZ26,"",Open,BUY,1,MKT,false,"","",0.0,DAY,29831.0,0.0
09/18/2026 08:36:22 AM,MNQZ26,-20.5,Close,SELL,1,LMT,false,"","",29820.75,DAY,29820.75,0.0
09/18/2026 08:38:30 AM,MNQZ26,"",Open,BUY,1,LMT,false,"","",29833.75,DAY,29833.0,0.0
09/18/2026 08:39:58 AM,MNQZ26,7.5,Close,SELL,1,MKT,false,"","",0.0,DAY,29836.75,0.0
09/18/2026 08:43:13 AM,MNQZ26,"",Open,BUY,1,MKT,false,"","",0.0,DAY,29826.63,0.0
09/18/2026 08:42:18 AM,MNQZ26,24.0,Close,SELL,1,LMT,false,"","",29838.0,DAY,29838.5,0.0
09/18/2026 08:43:13 AM,MNQZ26,"",Open,BUY,1,MKT,false,"","",0.0,DAY,29826.63,0.0
09/18/2026 08:42:55 AM,MNQZ26,9.5,Close,SELL,1,LMT,false,"","",29831.5,DAY,29831.5,0.0
09/18/2026 08:45:09 AM,MNQZ26,"",Open,BUY,1,LMT,false,"","",29810.75,DAY,29810.75,0.0
09/18/2026 08:46:00 AM,MNQZ26,44.0,Close,SELL,1,MKT,false,"","",0.0,DAY,29832.75,0.0
09/18/2026 08:45:09 AM,MNQZ26,"",Open,BUY,1,LMT,false,"","",29810.75,DAY,29810.75,0.0
09/18/2026 08:46:00 AM,MNQZ26,44.0,Close,SELL,1,MKT,false,"","",0.0,DAY,29832.75,0.0
09/18/2026 08:48:54 AM,MNQZ26,"",Open,BUY,4,LMT,false,"","",29833.0,DAY,29804.75,0.0
09/18/2026 08:51:11 AM,MNQZ26,-144.0,Close,SELL,4,MKT,false,"","",0.0,DAY,29786.75,0.0
09/18/2026 09:02:41 AM,MNQZ26,"",Open,BUY,1,MKT,false,"","",0.0,DAY,29740.5,0.0
09/18/2026 08:52:23 AM,MNQZ26,110.0,Close,SELL,1,LMT,false,"","",29795.5,DAY,29795.5,0.0
09/18/2026 09:02:41 AM,MNQZ26,"",Open,BUY,1,MKT,false,"","",0.0,DAY,29740.5,0.0
09/18/2026 08:52:23 AM,MNQZ26,110.0,Close,SELL,1,LMT,false,"","",29795.5,DAY,29795.5,0.0
09/18/2026 09:02:41 AM,MNQZ26,"",Open,BUY,1,MKT,false,"","",0.0,DAY,29740.5,0.0
09/18/2026 08:52:23 AM,MNQZ26,110.0,Close,SELL,1,LMT,false,"","",29795.5,DAY,29795.5,0.0
09/18/2026 09:02:41 AM,MNQZ26,"",Open,BUY,1,MKT,false,"","",0.0,DAY,29740.5,0.0
09/18/2026 08:52:23 AM,MNQZ26,110.0,Close,SELL,1,LMT,false,"","",29795.5,DAY,29795.5,0.0
09/18/2026 09:09:35 AM,MNQZ26,"",Open,BUY,3,LMT,false,"","",29733.5,DAY,29731.75,0.0
09/18/2026 09:10:23 AM,MNQZ26,99.0,Close,SELL,3,MKT,false,"","",0.0,DAY,29748.25,0.0
09/18/2026 09:10:09 AM,MNQZ26,"",Open,BUY,1,LMT,false,"","",29746.75,DAY,29746.75,0.0
09/18/2026 09:10:23 AM,MNQZ26,3.0,Close,SELL,1,MKT,false,"","",0.0,DAY,29748.25,0.0
09/18/2026 09:22:58 AM,MNQZ26,"",Open,BUY,3,MKT,false,"","",0.0,DAY,29745.65,0.0
09/18/2026 09:16:48 AM,MNQZ26,-285.0,Close,SELL,3,LMT,false,"","",29695.25,DAY,29698.0,0.0
09/18/2026 09:22:58 AM,MNQZ26,"",Open,BUY,1,MKT,false,"","",0.0,DAY,29745.65,0.0
09/18/2026 09:17:53 AM,MNQZ26,-72.5,Close,SELL,1,LMT,false,"","",29709.5,DAY,29709.5,0.0
09/18/2026 09:22:58 AM,MNQZ26,"",Open,BUY,1,MKT,false,"","",0.0,DAY,29745.65,0.0
09/18/2026 09:18:55 AM,MNQZ26,-52.5,Close,SELL,1,LMT,false,"","",29719.75,DAY,29719.75,0.0
09/18/2026 09:27:10 AM,MNQZ26,"",Open,BUY,2,MKT,false,"","",0.0,DAY,29726.63,0.0
09/18/2026 09:24:28 AM,MNQZ26,62.0,Close,SELL,2,LMT,false,"","",29741.5,DAY,29741.88,0.0
09/18/2026 09:27:10 AM,MNQZ26,"",Open,BUY,2,MKT,false,"","",0.0,DAY,29726.63,0.0
09/18/2026 09:24:28 AM,MNQZ26,60.0,Close,SELL,2,LMT,false,"","",29741.5,DAY,29741.88,0.0
09/18/2026 09:45:42 AM,MNQZ26,"",Open,BUY,1,MKT,false,"","",0.0,DAY,29710.25,0.0
09/18/2026 09:38:18 AM,MNQZ26,39.5,Close,SELL,1,LMT,false,"","",29730.0,DAY,29730.0,0.0
09/18/2026 09:45:42 AM,MNQZ26,"",Open,BUY,1,MKT,false,"","",0.0,DAY,29710.25,0.0
09/18/2026 09:38:19 AM,MNQZ26,39.5,Close,SELL,1,LMT,false,"","",29730.0,DAY,29730.0,0.0
09/18/2026 09:45:42 AM,MNQZ26,"",Open,BUY,1,MKT,false,"","",0.0,DAY,29710.25,0.0
09/18/2026 09:38:19 AM,MNQZ26,39.5,Close,SELL,1,LMT,false,"","",29730.0,DAY,29730.0,0.0
09/18/2026 09:45:42 AM,MNQZ26,"",Open,BUY,1,MKT,false,"","",0.0,DAY,29710.25,0.0
09/18/2026 09:40:17 AM,MNQZ26,48.0,Close,SELL,1,LMT,false,"","",29734.25,DAY,29734.25,0.0
09/18/2026 10:49:28 AM,MNQZ26,"",Open,BUY,1,LMT,false,"","",29720.0,DAY,29720.0,0.0
09/18/2026 09:48:42 AM,MNQZ26,18.5,Close,SELL,1,LMT,false,"","",29729.25,DAY,29729.25,0.0
09/18/2026 10:49:28 AM,MNQZ26,"",Open,BUY,2,LMT,false,"","",29720.0,DAY,29720.0,0.0
09/18/2026 09:49:02 AM,MNQZ26,57.0,Close,SELL,2,LMT,false,"","",29734.25,DAY,29734.25,0.0
09/18/2026 10:49:28 AM,MNQZ26,"",Open,BUY,1,LMT,false,"","",29720.0,DAY,29720.0,0.0
09/18/2026 09:49:43 AM,MNQZ26,45.5,Close,SELL,1,LMT,false,"","",29740.0,DAY,29742.75,0.0
09/18/2026 10:49:35 AM,MNQZ26,"",Open,BUY,1,MKT,false,"","",0.0,DAY,29719.0,0.0
09/18/2026 09:50:13 AM,MNQZ26,49.5,Close,SELL,1,LMT,false,"","",29743.0,DAY,29743.75,0.0
